<?xml version="1.0" encoding="UTF-8"?>
<metadata xml:lang="en"><Esri><CreaDate>20160420</CreaDate><CreaTime>14371800</CreaTime><ArcGISFormat>1.0</ArcGISFormat><SyncOnce>TRUE</SyncOnce><DataProperties><lineage><Process ToolSource="c:\program files (x86)\arcgis\desktop10.2\ArcToolbox\Toolboxes\Data Management Tools.tbx\CalculateField" Date="20150309" Time="100219">CalculateField "Key Biodiversity Areas" KBA_TYPE "Marine and Terrestrial KBA" VB #</Process><Process ToolSource="c:\program files (x86)\arcgis\desktop10.2\ArcToolbox\Toolboxes\Data Management Tools.tbx\CalculateField" Date="20150507" Time="103933">CalculateField KBA_(UTM-Luzon1911) NAME [KBA_NAME] VB #</Process><Process ToolSource="c:\program files (x86)\arcgis\desktop10.2\ArcToolbox\Toolboxes\Data Management Tools.tbx\CalculateField" Date="20150512" Time="160103">CalculateField KBA_(UTM-Luzon1911) NAME [KBA_NAME] VB #</Process><Process ToolSource="c:\program files (x86)\arcgis\desktop10.2\ArcToolbox\Toolboxes\Data Management Tools.tbx\CalculateField" Date="20150512" Time="160123">CalculateField KBA_(UTM-Luzon1911) NAME "Mt_Tago Range" VB #</Process><Process ToolSource="c:\program files (x86)\arcgis\desktop10.2\ArcToolbox\Toolboxes\Data Management Tools.tbx\CalculateField" Date="20150527" Time="151856">CalculateField KBA_(UTM-Luzon1911) Cave_Count 4 VB #</Process><Process ToolSource="c:\program files (x86)\arcgis\desktop10.2\ArcToolbox\Toolboxes\Data Management Tools.tbx\CalculateField" Date="20150527" Time="151942">CalculateField KBA_(UTM-Luzon1911) Cave_Types "Class II &amp; II" VB #</Process><Process ToolSource="c:\program files (x86)\arcgis\desktop10.2\ArcToolbox\Toolboxes\Data Management Tools.tbx\CalculateField" Date="20150527" Time="151947">CalculateField KBA_(UTM-Luzon1911) Cave_Types "Class II &amp; III" VB #</Process><Process ToolSource="c:\program files (x86)\arcgis\desktop10.2\ArcToolbox\Toolboxes\Data Management Tools.tbx\CalculateField" Date="20150527" Time="152752">CalculateField KBA_(UTM-Luzon1911) Cave_Types "Class II &amp; III" VB #</Process><Process ToolSource="c:\program files (x86)\arcgis\desktop10.2\ArcToolbox\Toolboxes\Data Management Tools.tbx\CalculateField" Date="20150527" Time="152756">CalculateField KBA_(UTM-Luzon1911) Cave_Count 3 VB #</Process><Process ToolSource="c:\program files (x86)\arcgis\desktop10.2\ArcToolbox\Toolboxes\Data Management Tools.tbx\CalculateField" Date="20150527" Time="152923">CalculateField KBA_(UTM-Luzon1911) Cave_Types 1 VB #</Process><Process ToolSource="c:\program files (x86)\arcgis\desktop10.2\ArcToolbox\Toolboxes\Data Management Tools.tbx\CalculateField" Date="20150527" Time="152935">CalculateField KBA_(UTM-Luzon1911) Cave_Count 1 VB #</Process><Process ToolSource="c:\program files (x86)\arcgis\desktop10.2\ArcToolbox\Toolboxes\Data Management Tools.tbx\CalculateField" Date="20150527" Time="152941">CalculateField KBA_(UTM-Luzon1911) Cave_Types "Class I" VB #</Process><Process ToolSource="c:\program files (x86)\arcgis\desktop10.2\ArcToolbox\Toolboxes\Data Management Tools.tbx\CalculateField" Date="20150527" Time="153008">CalculateField KBA_(UTM-Luzon1911) Cave_Types "Class II&amp;III" VB #</Process><Process ToolSource="c:\program files (x86)\arcgis\desktop10.2\ArcToolbox\Toolboxes\Data Management Tools.tbx\CalculateField" Date="20150527" Time="153035">CalculateField KBA_(UTM-Luzon1911) Cave_Types "" VB #</Process><Process ToolSource="c:\program files (x86)\arcgis\desktop10.2\ArcToolbox\Toolboxes\Data Management Tools.tbx\CalculateField" Date="20150527" Time="153050">CalculateField KBA_(UTM-Luzon1911) Cave_Types "Class II &amp; III" VB #</Process><Process ToolSource="c:\program files (x86)\arcgis\desktop10.2\ArcToolbox\Toolboxes\Data Management Tools.tbx\CalculateField" Date="20150527" Time="153105">CalculateField KBA_(UTM-Luzon1911) Cave_Types "Class II &amp; III" VB #</Process><Process ToolSource="c:\program files (x86)\arcgis\desktop10.2\ArcToolbox\Toolboxes\Data Management Tools.tbx\CalculateField" Date="20150527" Time="153116">CalculateField KBA_(UTM-Luzon1911) Cave_Types "Class I" VB #</Process><Process ToolSource="c:\program files (x86)\arcgis\desktop10.2\ArcToolbox\Toolboxes\Data Management Tools.tbx\CalculateField" Date="20150527" Time="153407">CalculateField KBA_(UTM-Luzon1911) Cave_Types "Class II" VB #</Process><Process ToolSource="c:\program files (x86)\arcgis\desktop10.2\ArcToolbox\Toolboxes\Data Management Tools.tbx\CalculateField" Date="20150527" Time="153412">CalculateField KBA_(UTM-Luzon1911) Cave_Count 3 VB #</Process><Process ToolSource="c:\program files (x86)\arcgis\desktop10.2\ArcToolbox\Toolboxes\Data Management Tools.tbx\CalculateField" Date="20150527" Time="153423">CalculateField KBA_(UTM-Luzon1911) Cave_Count 1 VB #</Process><Process ToolSource="c:\program files (x86)\arcgis\desktop10.2\ArcToolbox\Toolboxes\Data Management Tools.tbx\CalculateField" Date="20150527" Time="153431">CalculateField KBA_(UTM-Luzon1911) Cave_Types "Class II" VB #</Process><Process ToolSource="c:\program files (x86)\arcgis\desktop10.2\ArcToolbox\Toolboxes\Data Management Tools.tbx\CalculateField" Date="20150527" Time="153503">CalculateField KBA_(UTM-Luzon1911) Cave_Types "Class I &amp; II" VB #</Process><Process ToolSource="c:\program files (x86)\arcgis\desktop10.2\ArcToolbox\Toolboxes\Data Management Tools.tbx\CalculateField" Date="20150527" Time="153507">CalculateField KBA_(UTM-Luzon1911) Cave_Count 3 VB #</Process><Process ToolSource="c:\program files (x86)\arcgis\desktop10.2\ArcToolbox\Toolboxes\Data Management Tools.tbx\CalculateField" Date="20150527" Time="153531">CalculateField KBA_(UTM-Luzon1911) Cave_Count 1 VB #</Process><Process ToolSource="c:\program files (x86)\arcgis\desktop10.2\ArcToolbox\Toolboxes\Data Management Tools.tbx\CalculateField" Date="20150527" Time="153540">CalculateField KBA_(UTM-Luzon1911) Cave_Types "Class II" VB #</Process><Process ToolSource="c:\program files (x86)\arcgis\desktop10.2\ArcToolbox\Toolboxes\Data Management Tools.tbx\CalculateField" Date="20150527" Time="153738">CalculateField KBA_(UTM-Luzon1911) Cave_Types "Class III" VB #</Process><Process ToolSource="c:\program files (x86)\arcgis\desktop10.2\ArcToolbox\Toolboxes\Data Management Tools.tbx\CalculateField" Date="20150527" Time="153742">CalculateField KBA_(UTM-Luzon1911) Cave_Count 1 VB #</Process><Process ToolSource="c:\program files (x86)\arcgis\desktop10.2\ArcToolbox\Toolboxes\Data Management Tools.tbx\CalculateField" Date="20150527" Time="154850">CalculateField KBA_(UTM-Luzon1911) Cave_Count 1 VB #</Process><Process ToolSource="c:\program files (x86)\arcgis\desktop10.2\ArcToolbox\Toolboxes\Data Management Tools.tbx\CalculateField" Date="20150527" Time="154857">CalculateField KBA_(UTM-Luzon1911) Cave_Types "Class II" VB #</Process><Process ToolSource="c:\program files (x86)\arcgis\desktop10.2\ArcToolbox\Toolboxes\Data Management Tools.tbx\CalculateField" Date="20150527" Time="154920">CalculateField KBA_(UTM-Luzon1911) Cave_Types "Class I &amp; II" VB #</Process><Process ToolSource="c:\program files (x86)\arcgis\desktop10.2\ArcToolbox\Toolboxes\Data Management Tools.tbx\CalculateField" Date="20150527" Time="154924">CalculateField KBA_(UTM-Luzon1911) Cave_Count 2 VB #</Process><Process ToolSource="c:\program files (x86)\arcgis\desktop10.2\ArcToolbox\Toolboxes\Data Management Tools.tbx\CalculateField" Date="20150527" Time="154936">CalculateField KBA_(UTM-Luzon1911) Cave_Count 3 VB #</Process><Process ToolSource="c:\program files (x86)\arcgis\desktop10.2\ArcToolbox\Toolboxes\Data Management Tools.tbx\CalculateField" Date="20150527" Time="154953">CalculateField KBA_(UTM-Luzon1911) Cave_Types "Class II" VB #</Process><Process ToolSource="c:\program files (x86)\arcgis\desktop10.2\ArcToolbox\Toolboxes\Data Management Tools.tbx\CalculateField" Date="20150527" Time="155023">CalculateField KBA_(UTM-Luzon1911) Cave_Types "Class II &amp; III" VB #</Process><Process ToolSource="c:\program files (x86)\arcgis\desktop10.2\ArcToolbox\Toolboxes\Data Management Tools.tbx\CalculateField" Date="20150527" Time="155026">CalculateField KBA_(UTM-Luzon1911) Cave_Count 2 VB #</Process><Process ToolSource="c:\program files (x86)\arcgis\desktop10.2\ArcToolbox\Toolboxes\Data Management Tools.tbx\CalculateField" Date="20150527" Time="155057">CalculateField KBA_(UTM-Luzon1911) Cave_Count 1 VB #</Process><Process ToolSource="c:\program files (x86)\arcgis\desktop10.2\ArcToolbox\Toolboxes\Data Management Tools.tbx\CalculateField" Date="20150527" Time="155105">CalculateField KBA_(UTM-Luzon1911) Cave_Types "Class II" VB #</Process><Process ToolSource="c:\program files (x86)\arcgis\desktop10.2\ArcToolbox\Toolboxes\Data Management Tools.tbx\CalculateField" Date="20150527" Time="155731">CalculateField KBA_(UTM-Luzon1911) Cave_Types "Class I &amp; II" VB #</Process><Process ToolSource="c:\program files (x86)\arcgis\desktop10.2\ArcToolbox\Toolboxes\Data Management Tools.tbx\CalculateField" Date="20150527" Time="155735">CalculateField KBA_(UTM-Luzon1911) Cave_Count 3 VB #</Process><Process ToolSource="c:\program files (x86)\arcgis\desktop10.2\ArcToolbox\Toolboxes\Data Management Tools.tbx\CalculateField" Date="20150527" Time="155746">CalculateField KBA_(UTM-Luzon1911) Cave_Count 1 VB #</Process><Process ToolSource="c:\program files (x86)\arcgis\desktop10.2\ArcToolbox\Toolboxes\Data Management Tools.tbx\CalculateField" Date="20150527" Time="155753">CalculateField KBA_(UTM-Luzon1911) Cave_Types "Class III" VB #</Process><Process ToolSource="c:\program files (x86)\arcgis\desktop10.2\ArcToolbox\Toolboxes\Data Management Tools.tbx\CalculateField" Date="20150527" Time="155820">CalculateField KBA_(UTM-Luzon1911) Cave_Types "Class III" VB #</Process><Process ToolSource="c:\program files (x86)\arcgis\desktop10.2\ArcToolbox\Toolboxes\Data Management Tools.tbx\CalculateField" Date="20150527" Time="155823">CalculateField KBA_(UTM-Luzon1911) Cave_Count 2 VB #</Process></lineage></DataProperties></Esri></metadata>
