<?xml version="1.0" encoding="UTF-8"?>
<metadata xml:lang="en"><Esri><CreaDate>20160420</CreaDate><CreaTime>14390100</CreaTime><ArcGISFormat>1.0</ArcGISFormat><SyncOnce>TRUE</SyncOnce><DataProperties><lineage><Process ToolSource="c:\program files (x86)\arcgis\desktop10.2\ArcToolbox\Toolboxes\Data Management Tools.tbx\CalculateField" Date="20150417" Time="180405">CalculateField Export_Output_8 BCTONHA [TONHA] VB #</Process><Process ToolSource="c:\program files (x86)\arcgis\desktop10.2\ArcToolbox\Toolboxes\Data Management Tools.tbx\CalculateField" Date="20150417" Time="180442">CalculateField Export_Output_8 BCTON_AVE [TONNES_AVE] VB #</Process><Process ToolSource="c:\program files (x86)\arcgis\desktop10.2\ArcToolbox\Toolboxes\Data Management Tools.tbx\CalculateField" Date="20150417" Time="180511">CalculateField Export_Output_8 BCTONNES [TONNES] VB #</Process><Process ToolSource="c:\program files (x86)\arcgis\desktop10.2\ArcToolbox\Toolboxes\Data Management Tools.tbx\CalculateField" Date="20150417" Time="180608">CalculateField Export_Output_8 BCTONHA_AV [TONHA_AVE] VB #</Process><Process ToolSource="c:\program files (x86)\arcgis\desktop10.2\ArcToolbox\Toolboxes\Data Management Tools.tbx\CalculateField" Date="20150420" Time="104847">CalculateField "Protected Areas" BCTONHA_AV 62.558727 VB #</Process><Process ToolSource="c:\program files (x86)\arcgis\desktop10.2\ArcToolbox\Toolboxes\Data Management Tools.tbx\CalculateField" Date="20150519" Time="084906">CalculateField Merged_PAs+_as_of_April28,_2015 PA_TYPE "Marine Protected Area" VB #</Process><Process ToolSource="c:\program files (x86)\arcgis\desktop10.2\ArcToolbox\Toolboxes\Data Management Tools.tbx\CalculateField" Date="20150519" Time="085622">CalculateField Merged_PAs+_as_of_April28,_2015 PA_TYPE "Marine Protected Area" VB #</Process><Process ToolSource="c:\program files (x86)\arcgis\desktop10.2\ArcToolbox\Toolboxes\Data Management Tools.tbx\CalculateField" Date="20150519" Time="085909">CalculateField Merged_PAs+_as_of_April28,_2015 PA_TYPE "Marine Protected Area" VB #</Process><Process ToolSource="c:\program files (x86)\arcgis\desktop10.2\ArcToolbox\Toolboxes\Data Management Tools.tbx\CalculateField" Date="20150519" Time="085942">CalculateField Merged_PAs+_as_of_April28,_2015 PA_TYPE "Marine Protected Area" VB #</Process><Process ToolSource="c:\program files (x86)\arcgis\desktop10.2\ArcToolbox\Toolboxes\Data Management Tools.tbx\CalculateField" Date="20150519" Time="090024">CalculateField Merged_PAs+_as_of_April28,_2015 PA_TYPE "Marine Protected Area" VB #</Process><Process ToolSource="c:\program files (x86)\arcgis\desktop10.2\ArcToolbox\Toolboxes\Data Management Tools.tbx\CalculateField" Date="20150519" Time="091507">CalculateField Merged_PAs+_as_of_April28,_2015 PA_TYPE "Terrestrial Protected Area" VB #</Process><Process ToolSource="c:\program files (x86)\arcgis\desktop10.2\ArcToolbox\Toolboxes\Data Management Tools.tbx\CalculateField" Date="20150520" Time="135323">CalculateField "Protected Area" PANAME "Cabadbaran Watershed" VB #</Process><Process ToolSource="c:\program files (x86)\arcgis\desktop10.2\ArcToolbox\Toolboxes\Data Management Tools.tbx\CalculateField" Date="20150601" Time="144255">CalculateField Merged_PAs+_as_of_May27,_2015 STATUS "Validated***" VB #</Process><Process ToolSource="c:\program files (x86)\arcgis\desktop10.2\ArcToolbox\Toolboxes\Data Management Tools.tbx\CalculateField" Date="20151030" Time="094907">CalculateField Merged_PAs+_as_of_July_2015 NAME [PANAME] VB #</Process><Process ToolSource="c:\program files (x86)\arcgis\desktop10.2\ArcToolbox\Toolboxes\Data Management Tools.tbx\CalculateField" Date="20151215" Time="110820">CalculateField Merged_PAs+_as_of_November_2015 LEGISLATIO "Proclaimed" VB #</Process><Process ToolSource="c:\program files (x86)\arcgis\desktop10.2\ArcToolbox\Toolboxes\Data Management Tools.tbx\CalculateField" Date="20151215" Time="111919">CalculateField Merged_PAs+_as_of_November_2015 LEGISLATIO "Initial Components" VB #</Process><Process ToolSource="c:\program files (x86)\arcgis\desktop10.2\ArcToolbox\Toolboxes\Data Management Tools.tbx\CalculateField" Date="20160106" Time="103715">CalculateField Merged_PAs+_as_of_January_2016 LEGISLATIO "Initial Component" VB #</Process><Process ToolSource="c:\program files (x86)\arcgis\desktop10.2\ArcToolbox\Toolboxes\Data Management Tools.tbx\CalculateField" Date="20160106" Time="140610">CalculateField Merged_PAs+_as_of_January_2016 Proclamati [Proc] VB #</Process><Process ToolSource="c:\program files (x86)\arcgis\desktop10.2\ArcToolbox\Toolboxes\Data Management Tools.tbx\CalculateField" Date="20160106" Time="141823">CalculateField Merged_PAs+_as_of_January_2016 Proclamati "2152 s. 1981" VB #</Process><Process ToolSource="c:\program files (x86)\arcgis\desktop10.2\ArcToolbox\Toolboxes\Data Management Tools.tbx\CalculateField" Date="20160106" Time="141858">CalculateField Merged_PAs+_as_of_January_2016 Proclamati "2151 s. 1981" VB #</Process><Process ToolSource="c:\program files (x86)\arcgis\desktop10.2\ArcToolbox\Toolboxes\Data Management Tools.tbx\CalculateField" Date="20160307" Time="095950">CalculateField Merged_PAs+_as_of_January_2016 STAT "Validated" VB #</Process><Process ToolSource="c:\program files (x86)\arcgis\desktop10.2\ArcToolbox\Toolboxes\Data Management Tools.tbx\CalculateField" Date="20160307" Time="095959">CalculateField Merged_PAs+_as_of_January_2016 STATUS "Validated***" VB #</Process></lineage></DataProperties></Esri></metadata>
